score_threshold,fall_recall,false_alarm_rate,precision,f1,tp,fp,fn,tn
0.8,0.96,0.14666666666666667,0.8674698795180723,0.9113924050632911,216,33,9,192
0.8500000000000001,0.92,0.13333333333333333,0.8734177215189873,0.896103896103896,207,30,18,195
0.9000000000000001,0.8933333333333333,0.10666666666666667,0.8933333333333333,0.8933333333333333,201,24,24,201
0.9500000000000002,0.8577777777777778,0.08888888888888889,0.9061032863849765,0.8812785388127854,193,20,32,205
1.0000000000000002,0.8088888888888889,0.08,0.91,0.8564705882352941,182,18,43,207
1.0500000000000003,0.7644444444444445,0.08,0.9052631578947369,0.8289156626506023,172,18,53,207
1.1000000000000003,0.6844444444444444,0.06666666666666667,0.9112426035502958,0.7817258883248731,154,15,71,210
1.1500000000000004,0.6533333333333333,0.05333333333333334,0.9245283018867925,0.765625,147,12,78,213
1.2000000000000004,0.6133333333333333,0.04888888888888889,0.9261744966442953,0.7379679144385026,138,11,87,214
1.2500000000000004,0.5955555555555555,0.044444444444444446,0.9305555555555556,0.7262872628726287,134,10,91,215
1.3000000000000005,0.5422222222222223,0.044444444444444446,0.9242424242424242,0.6834733893557422,122,10,103,215
1.3500000000000005,0.48444444444444446,0.044444444444444446,0.9159663865546218,0.633720930232558,109,10,116,215
1.4000000000000006,0.4622222222222222,0.04,0.9203539823008849,0.6153846153846153,104,9,121,216
1.4500000000000006,0.4311111111111111,0.04,0.9150943396226415,0.5861027190332326,97,9,128,216
1.5000000000000007,0.3688888888888889,0.04,0.9021739130434783,0.5236593059936909,83,9,142,216
1.5500000000000007,0.3422222222222222,0.04,0.8953488372093024,0.49517684887459806,77,9,148,216
1.6000000000000008,0.3244444444444444,0.02666666666666667,0.9240506329113924,0.4802631578947367,73,6,152,219
1.6500000000000008,0.28888888888888886,0.022222222222222223,0.9285714285714286,0.44067796610169485,65,5,160,220
1.7000000000000008,0.26222222222222225,0.022222222222222223,0.921875,0.4083044982698962,59,5,166,220
1.7500000000000009,0.25333333333333335,0.022222222222222223,0.9193548387096774,0.397212543554007,57,5,168,220
1.800000000000001,0.24,0.013333333333333334,0.9473684210526315,0.38297872340425526,54,3,171,222
1.850000000000001,0.21333333333333335,0.013333333333333334,0.9411764705882353,0.3478260869565218,48,3,177,222
1.900000000000001,0.19111111111111112,0.013333333333333334,0.9347826086956522,0.31734317343173435,43,3,182,222
1.950000000000001,0.18222222222222223,0.013333333333333334,0.9318181818181818,0.3048327137546469,41,3,184,222
2.000000000000001,0.14666666666666667,0.013333333333333334,0.9166666666666666,0.25287356321839083,33,3,192,222
2.050000000000001,0.13333333333333333,0.008888888888888889,0.9375,0.23346303501945526,30,2,195,223
2.1000000000000014,0.13333333333333333,0.0044444444444444444,0.967741935483871,0.234375,30,1,195,224
2.1500000000000012,0.12,0.0044444444444444444,0.9642857142857143,0.2134387351778656,27,1,198,224
2.200000000000001,0.12,0.0044444444444444444,0.9642857142857143,0.2134387351778656,27,1,198,224
2.2500000000000013,0.1111111111111111,0.0044444444444444444,0.9615384615384616,0.199203187250996,25,1,200,224
2.3000000000000016,0.10666666666666667,0.0044444444444444444,0.96,0.192,24,1,201,224
2.3500000000000014,0.09333333333333334,0.0044444444444444444,0.9545454545454546,0.17004048582995954,21,1,204,224
2.4000000000000012,0.08888888888888889,0.0,1.0,0.163265306122449,20,0,205,225
2.4500000000000015,0.07555555555555556,0.0,1.0,0.14049586776859505,17,0,208,225
2.5000000000000018,0.06666666666666667,0.0,1.0,0.125,15,0,210,225
2.5500000000000016,0.06222222222222222,0.0,1.0,0.11715481171548117,14,0,211,225
2.6000000000000014,0.057777777777777775,0.0,1.0,0.1092436974789916,13,0,212,225
2.6500000000000017,0.05333333333333334,0.0,1.0,0.10126582278481014,12,0,213,225
2.700000000000002,0.04888888888888889,0.0,1.0,0.09322033898305085,11,0,214,225
2.7500000000000018,0.044444444444444446,0.0,1.0,0.0851063829787234,10,0,215,225
2.8000000000000016,0.035555555555555556,0.0,1.0,0.06866952789699571,8,0,217,225
2.8500000000000014,0.02666666666666667,0.0,1.0,0.05194805194805195,6,0,219,225
2.900000000000002,0.02666666666666667,0.0,1.0,0.05194805194805195,6,0,219,225
2.950000000000002,0.02666666666666667,0.0,1.0,0.05194805194805195,6,0,219,225
3.0000000000000018,0.02666666666666667,0.0,1.0,0.05194805194805195,6,0,219,225
