acc_threshold,gyro_threshold,fall_recall,false_alarm_rate,tp,fp,fn,tn,fall_f1
3.4876895932669076,217.94089421076205,0.9866666666666667,0.1688888888888889,222,38,3,187,0.9154639175257732
3.4876895932669076,235.4735383232936,0.9866666666666667,0.16444444444444445,222,37,3,188,0.9173553719008265
3.4876895932669076,258.0885604318096,0.9644444444444444,0.1511111111111111,217,34,8,191,0.9117647058823529
3.4876895932669076,282.941641994456,0.96,0.1511111111111111,216,34,9,191,0.9094736842105263
3.4876895932669076,302.08470183761756,0.9422222222222222,0.14666666666666667,212,33,13,192,0.902127659574468
3.4876895932669076,352.79134210656787,0.9244444444444444,0.14222222222222222,208,32,17,193,0.8946236559139785
3.4876895932669076,421.4215831292788,0.92,0.14222222222222222,207,32,18,193,0.8922413793103449
3.705473115160093,217.94089421076205,0.9822222222222222,0.16,221,36,4,189,0.91701244813278
3.705473115160093,235.4735383232936,0.9822222222222222,0.1511111111111111,221,34,4,191,0.9208333333333333
3.705473115160093,258.0885604318096,0.9555555555555556,0.1288888888888889,215,29,10,196,0.9168443496801706
3.705473115160093,282.941641994456,0.9466666666666667,0.12444444444444444,213,28,12,197,0.9141630901287554
3.705473115160093,302.08470183761756,0.9288888888888889,0.11555555555555555,209,26,16,199,0.908695652173913
3.705473115160093,352.79134210656787,0.9022222222222223,0.1111111111111111,203,25,22,200,0.8962472406181016
3.705473115160093,421.4215831292788,0.8977777777777778,0.1111111111111111,202,25,23,200,0.8938053097345132
4.039778324640647,217.94089421076205,0.9733333333333334,0.16,219,36,6,189,0.9125
4.039778324640647,235.4735383232936,0.9733333333333334,0.14666666666666667,219,33,6,192,0.9182389937106918
4.039778324640647,258.0885604318096,0.9377777777777778,0.12,211,27,14,198,0.9114470842332614
4.039778324640647,282.941641994456,0.9244444444444444,0.1111111111111111,208,25,17,200,0.9082969432314411
4.039778324640647,302.08470183761756,0.9022222222222223,0.10222222222222223,203,23,22,202,0.9002217294900222
4.039778324640647,352.79134210656787,0.8533333333333334,0.08888888888888889,192,20,33,205,0.8787185354691075
4.039778324640647,421.4215831292788,0.84,0.08444444444444445,189,19,36,206,0.8729792147806005
4.482333235489432,217.94089421076205,0.9555555555555556,0.15555555555555556,215,35,10,190,0.9052631578947369
4.482333235489432,235.4735383232936,0.9511111111111111,0.14222222222222222,214,32,11,193,0.9087048832271762
4.482333235489432,258.0885604318096,0.9066666666666666,0.11555555555555555,204,26,21,199,0.8967032967032967
4.482333235489432,282.941641994456,0.8844444444444445,0.10666666666666667,199,24,26,201,0.8883928571428571
4.482333235489432,302.08470183761756,0.8444444444444444,0.09777777777777778,190,22,35,203,0.8695652173913043
4.482333235489432,352.79134210656787,0.7777777777777778,0.07555555555555556,175,17,50,208,0.8393285371702638
4.482333235489432,421.4215831292788,0.7466666666666667,0.06222222222222222,168,14,57,211,0.8255528255528255
4.7368780647679785,217.94089421076205,0.9511111111111111,0.1511111111111111,214,34,11,191,0.904862579281184
4.7368780647679785,235.4735383232936,0.9466666666666667,0.13777777777777778,213,31,12,194,0.908315565031983
4.7368780647679785,258.0885604318096,0.8977777777777778,0.1111111111111111,202,25,23,200,0.8938053097345132
4.7368780647679785,282.941641994456,0.8711111111111111,0.10222222222222223,196,23,29,202,0.8828828828828829
4.7368780647679785,302.08470183761756,0.8266666666666667,0.09333333333333334,186,21,39,204,0.8611111111111112
4.7368780647679785,352.79134210656787,0.76,0.06666666666666667,171,15,54,210,0.8321167883211679
4.7368780647679785,421.4215831292788,0.7155555555555555,0.05333333333333334,161,12,64,213,0.8090452261306532
5.10607934578154,217.94089421076205,0.9466666666666667,0.1511111111111111,213,34,12,191,0.902542372881356
5.10607934578154,235.4735383232936,0.9377777777777778,0.13777777777777778,211,31,14,194,0.9036402569593148
5.10607934578154,258.0885604318096,0.8888888888888888,0.1111111111111111,200,25,25,200,0.8888888888888888
5.10607934578154,282.941641994456,0.8533333333333334,0.10222222222222223,192,23,33,202,0.8727272727272727
5.10607934578154,302.08470183761756,0.8088888888888889,0.09333333333333334,182,21,43,204,0.8504672897196262
5.10607934578154,352.79134210656787,0.72,0.06666666666666667,162,15,63,210,0.8059701492537313
5.10607934578154,421.4215831292788,0.6666666666666666,0.05333333333333334,150,12,75,213,0.7751937984496124
6.059853942022697,217.94089421076205,0.9377777777777778,0.14666666666666667,211,33,14,192,0.8997867803837953
6.059853942022697,235.4735383232936,0.9244444444444444,0.13333333333333333,208,30,17,195,0.8984881209503239
6.059853942022697,258.0885604318096,0.8577777777777778,0.10666666666666667,193,24,32,201,0.8733031674208145
6.059853942022697,282.941641994456,0.8,0.09777777777777778,180,22,45,203,0.8430913348946136
6.059853942022697,302.08470183761756,0.7511111111111111,0.08888888888888889,169,20,56,205,0.8164251207729468
6.059853942022697,352.79134210656787,0.6444444444444445,0.06222222222222222,145,14,80,211,0.7552083333333334
6.059853942022697,421.4215831292788,0.5377777777777778,0.04888888888888889,121,11,104,214,0.6778711484593838
